지역,14-Nov,14-Dec,15-Jan,15-Feb,15-Mar,15-Apr,15-May,15-Jun,15-Jul,15-Aug,15-Sep,15-Oct,15-Nov,15-Dec,16-Jan,16-Feb,16-Mar,16-Apr,16-May,16-Jun,16-Jul,16-Aug,16-Sep,16-Oct,16-Nov,16-Dec,17-Jan,17-Feb,17-Mar,17-Apr,17-May,17-Jun,17-Jul,17-Aug,17-Sep,17-Oct,17-Nov,17-Dec,18-Jan,18-Feb,18-Mar,18-Apr,18-May,18-Jun,18-Jul,18-Aug,18-Sep,18-Oct,18-Nov,18-Dec,19-Jan,19-Feb,19-Mar,19-Apr,19-May,19-Jun,19-Jul,19-Aug,19-Sep,19-Oct,19-Nov,19-Dec,20-Jan,20-Feb,20-Mar,20-Apr,20-May,20-Jun,20-Jul,20-Aug
서울 종로구,96.328,96.424,96.492,96.541,96.676,96.837,96.963,97.132,97.296,97.443,97.571,97.708,97.922,98.149,98.286,98.385,98.606,98.725,98.883,99.031,99.234,99.45,99.647,99.853,100,100.144,100.214,100.367,100.582,100.838,101.198,101.545,101.912,102.164,102.468,102.683,102.903,103.216,103.728,104.111,104.414,104.689,105.166,105.646,106.164,106.751,107.383,107.971,108.56,109.005,109.422,109.687,110.03,110.386,110.867,111.339,111.785,112.295,112.763,113.271,113.699,114.089,114.523,114.877,115.202,115.444,115.759,116.135,116.561,117.01
서울 중구,96.359,96.51,96.614,96.712,96.87,97.001,97.127,97.248,97.343,97.487,97.645,97.812,97.982,98.145,98.293,98.464,98.595,98.727,98.897,99.066,99.28,99.467,99.668,99.847,100,100.175,100.343,100.46,100.677,100.897,101.206,101.567,102.084,102.388,102.662,102.814,103.016,103.277,103.726,104.169,104.655,105.015,105.408,105.647,106.039,106.425,107.043,107.647,108.201,108.579,108.935,109.221,109.541,109.893,110.271,110.623,111.106,111.587,112.098,112.544,112.982,113.487,113.872,114.312,114.669,114.96,115.284,115.649,116.183,116.646
서울 용산구,96.048,96.197,96.251,96.301,96.394,96.56,96.675,96.739,96.815,96.927,96.991,97.181,97.252,97.383,97.635,97.815,97.957,98.139,98.219,98.505,98.791,99.059,99.312,99.623,100,100.272,100.497,100.773,101.079,101.431,101.941,102.734,103.381,103.897,104.341,104.526,104.807,105.207,106.133,106.885,107.287,107.684,107.989,108.478,109.742,110.504,111.146,111.786,112.431,112.909,113.217,113.703,114.165,114.524,115.027,115.663,116.238,116.679,117.148,117.729,118.331,118.834,119.308,119.784,120.144,120.506,120.89,121.306,121.753,122.136
서울 성동구,95.604,95.875,95.992,96.036,96.169,96.323,96.444,96.529,96.791,96.943,97.159,97.377,97.644,97.853,97.942,98.094,98.288,98.419,98.683,98.874,99.125,99.315,99.536,99.805,100,100.167,100.315,100.591,100.8,101.141,101.562,102.04,102.462,102.865,103.149,103.378,103.67,103.976,104.27,104.581,105.058,105.332,105.856,106.343,106.824,107.538,108.201,108.832,109.801,110.203,110.624,111.09,111.458,111.9,112.549,112.768,113.134,113.533,113.859,114.16,114.477,114.805,115.105,115.595,115.85,116.062,116.347,116.773,117.225,117.697
서울 광진구,94.911,95.054,95.169,95.409,95.644,95.738,95.909,96.242,96.487,96.613,96.878,97.081,97.193,97.377,97.57,97.827,97.962,98.215,98.517,98.842,99.087,99.258,99.56,99.8,100,100.131,100.246,100.559,100.853,101.206,101.875,102.355,102.73,103.066,103.39,103.611,103.961,104.348,104.758,105.193,105.533,105.822,106.133,106.591,107.047,107.571,108.194,108.868,109.322,109.95,110.528,110.936,111.262,111.68,112.285,112.616,113.119,113.436,114.022,114.704,115.193,115.648,116.004,116.393,116.698,117.009,117.385,117.685,118.05,118.406
서울 동대문구,95.73,95.782,95.812,95.908,96.066,96.18,96.366,96.493,96.695,96.832,97.072,97.308,97.462,97.702,97.89,97.976,98.169,98.311,98.495,98.768,99.074,99.309,99.539,99.723,100,100.22,100.384,100.537,100.879,101.127,101.572,101.894,102.298,102.724,102.976,103.188,103.472,103.741,103.956,104.22,104.555,104.874,105.365,105.755,106.337,106.979,107.659,108.37,108.995,109.627,110.018,110.379,110.891,111.368,111.891,112.288,112.872,113.414,113.915,114.542,115.095,115.654,116.19,116.645,117.087,117.376,117.715,118.067,118.565,118.918
서울 중랑구,94.642,94.772,94.917,95.002,95.201,95.441,95.802,95.974,96.233,96.48,96.77,96.97,97.228,97.377,97.523,97.688,97.939,98.119,98.326,98.644,99.044,99.233,99.554,99.83,100,100.135,100.27,100.455,100.657,100.968,101.413,101.735,102.12,102.52,102.871,103.136,103.378,103.623,103.961,104.193,104.576,104.845,105.163,105.482,105.959,106.336,106.835,107.417,107.871,108.381,108.715,108.958,109.33,109.722,110.085,110.403,110.703,111.03,111.36,111.805,112.119,112.521,112.942,113.316,113.613,113.986,114.281,114.597,114.888,115.185
서울 성북구,96.044,96.173,96.29,96.419,96.526,96.684,96.81,96.936,97.16,97.317,97.543,97.709,97.973,98.148,98.262,98.337,98.532,98.779,99.069,99.288,99.465,99.625,99.818,99.959,100,100.053,100.284,100.528,100.763,101.035,101.329,101.704,101.92,102.197,102.59,102.706,103.092,103.189,103.475,103.912,104.195,104.322,104.734,105.013,105.816,106.296,107.038,107.663,108.275,108.6,108.945,109.171,109.481,109.782,110.223,110.587,110.951,111.261,111.7,112.131,112.736,113.425,113.875,114.255,114.541,114.803,115.049,115.396,115.938,116.331
서울 강북구,96.308,96.482,96.714,96.985,97.008,97.029,96.986,97.263,97.388,97.695,97.823,97.985,98.048,98.239,98.42,98.547,98.787,98.827,99.079,99.114,99.322,99.416,99.618,99.819,100,100.17,100.282,100.4,100.762,100.877,101.293,101.62,101.893,102.137,102.372,102.596,102.727,102.908,103.08,103.364,103.569,103.764,103.98,104.274,104.641,105.062,105.77,106.198,106.693,107.067,107.361,107.473,107.665,107.94,108.515,109.029,109.317,109.602,109.987,110.215,110.766,110.929,111.181,111.821,112.147,112.324,112.463,112.56,112.717,112.979
서울 도봉구,96.458,96.582,96.788,96.816,97.018,97.045,97.319,97.335,97.437,97.456,97.459,97.702,98.005,98.205,98.332,98.454,98.506,98.637,98.924,99.027,99.119,99.309,99.694,99.81,100,100.119,100.27,100.477,100.79,101.067,101.573,101.878,102.395,102.738,103.01,103.269,103.363,103.626,103.834,103.86,104.245,104.607,104.78,105.116,105.363,105.751,106.314,106.954,107.45,107.857,108.197,108.378,108.565,108.98,109.603,109.816,110.203,110.539,110.85,111.239,111.653,111.956,112.194,112.299,112.524,112.642,112.956,113.192,113.518,113.871
서울 노원구,95.048,95.155,95.268,95.429,95.665,96.03,96.379,96.563,96.644,96.851,96.965,97.176,97.343,97.521,97.739,97.922,98.142,98.229,98.378,98.634,98.922,99.223,99.584,99.858,100,100.297,100.474,100.559,100.969,101.34,101.794,102.254,102.722,102.991,103.303,103.537,103.959,104.268,104.448,104.742,104.97,105.374,105.519,105.827,106.102,106.539,106.979,107.471,107.978,108.519,108.91,109.257,109.536,109.81,110.223,110.498,111.29,111.684,112.128,112.511,112.945,113.493,113.916,114.322,114.669,114.905,115.093,115.498,115.978,116.505
서울 은평구,95.56,95.624,95.784,95.948,96.21,96.42,96.609,96.815,96.955,97.127,97.328,97.585,97.741,97.949,98.033,98.245,98.435,98.652,98.742,98.98,99.16,99.411,99.58,99.818,100,100.145,100.235,100.383,100.606,100.878,101.305,101.609,101.971,102.324,102.567,102.835,102.968,103.221,103.543,103.945,104.413,104.661,104.976,105.365,105.848,106.348,107.202,107.858,108.418,108.786,109.05,109.271,109.639,110.051,110.476,110.906,111.448,111.918,112.333,112.822,113.284,113.807,114.264,114.759,115.04,115.315,115.679,116.087,116.562,117.002
서울 서대문구,94.498,94.655,94.735,94.793,94.887,95.328,95.462,95.699,95.995,96.097,96.435,96.837,96.99,97.569,97.714,97.693,97.869,98.006,98.284,98.653,98.945,99.213,99.588,99.729,100,100.178,100.335,100.495,100.656,100.799,101.175,101.573,102.048,102.406,102.719,103.012,103.277,103.597,104.022,104.477,104.881,105.176,105.698,106.245,106.696,107.289,108.134,108.928,109.229,109.54,109.804,110.156,110.443,110.666,111.044,111.409,111.986,112.568,113.158,113.643,114.039,114.628,115.055,115.487,115.714,116.099,116.411,116.888,117.24,117.736
서울 마포구,93.207,93.421,93.543,93.719,94.138,94.443,94.551,94.898,95.237,95.531,95.853,96.174,96.425,96.915,97.175,97.36,97.605,97.845,98.232,98.477,98.813,99.132,99.403,99.696,100,100.384,100.597,101.04,101.569,102.031,102.469,103.029,103.576,104.015,104.42,104.738,105.117,105.523,106.258,106.965,107.65,108.145,108.776,109.521,110.263,111.009,111.838,112.63,113.303,114.038,114.465,114.799,115.137,115.514,116.061,116.634,117.246,117.751,118.281,118.77,119.458,120.047,120.843,121.422,121.893,122.326,122.795,123.23,123.668,124.133
서울 양천구,94.703,95.006,95.367,95.737,96.122,96.226,96.399,96.517,96.634,96.929,97.091,97.323,97.448,97.608,97.741,97.972,98.088,98.313,98.536,98.866,99.201,99.434,99.668,99.852,100,100.129,100.353,100.502,100.661,101.042,101.57,102.227,102.776,103.45,103.683,103.942,104.363,104.769,105.193,105.457,106.067,106.592,107.133,107.591,108.21,108.744,109.399,109.937,110.301,110.78,111.176,111.703,112.072,112.558,112.965,113.353,114.142,114.638,115.199,115.788,116.269,116.914,117.308,117.754,118.239,118.76,119.247,119.669,120.347,120.732
서울 강서구,94.9,94.989,95.162,95.242,95.75,96.017,96.219,96.437,96.846,96.837,96.916,97.138,97.241,97.394,97.516,97.7,97.8,98.118,98.399,98.769,99.039,99.403,99.513,99.805,100,100.389,100.736,101.286,101.599,101.913,102.388,103.011,103.521,104.046,104.722,105.102,105.465,105.827,106.146,106.449,106.91,107.5,107.956,108.329,108.708,109.23,109.973,110.667,111.265,111.923,112.581,112.925,113.276,113.706,114.142,114.607,115.14,115.584,116.05,116.466,117.087,117.634,118.171,118.695,119.218,119.621,120.025,120.562,120.972,121.382
서울 구로구,94.662,94.747,94.799,94.924,95.105,95.428,95.72,95.859,95.918,96.08,96.327,96.462,96.532,96.95,97.056,97.438,97.721,97.819,98.042,98.164,98.601,98.836,99.304,99.849,100,100.231,100.487,100.824,100.999,101.464,101.786,102.017,102.269,102.669,102.847,103.079,103.43,103.775,104.152,104.324,104.737,105.049,105.239,105.471,105.827,106.252,106.807,107.308,108.039,108.429,109.011,109.277,109.584,109.906,110.132,110.343,110.617,111.283,111.571,112.117,112.352,112.675,113.109,113.597,114.034,114.332,114.709,115.104,115.442,115.885
서울 금천구,95.403,95.563,95.563,95.772,96.123,96.418,96.773,96.859,97.16,97.761,97.862,97.862,98.232,98.391,98.5,98.557,98.557,98.762,98.844,98.9,99.213,99.502,99.502,99.894,100,100.171,100.255,100.312,100.483,100.748,101.193,101.339,101.763,101.837,101.953,102.329,102.656,103.221,103.221,103.519,103.651,103.651,103.868,104.481,104.927,105.364,106.016,106.431,106.76,107.078,107.375,107.299,108.288,108.652,108.9,109.385,109.669,110.058,110.391,110.726,111.698,112.04,112.431,112.786,113.123,113.372,113.71,114.239,114.625,115.17
서울 영등포구,95.946,96.083,96.24,96.351,96.515,96.737,97.015,97.172,97.267,97.408,97.609,97.729,97.929,98.027,98.094,98.228,98.325,98.479,98.645,98.838,99.017,99.213,99.507,99.69,100,100.167,100.353,100.644,101.012,101.316,101.727,102.167,102.617,102.912,103.189,103.381,103.641,103.868,104.116,104.384,104.835,105.158,105.388,105.926,106.438,107.173,107.595,108.251,108.957,109.742,110.273,110.927,111.359,111.771,112.187,112.706,113.034,113.438,113.879,114.365,114.847,115.474,115.945,116.55,117.028,117.468,117.837,118.271,118.781,119.134
서울 동작구,96.007,96.183,96.31,96.379,96.518,96.568,96.673,96.79,97.022,97.317,97.619,97.822,97.877,98.13,98.329,98.428,98.577,98.683,98.797,98.976,99.151,99.441,99.698,99.86,100,100.234,100.32,100.488,100.846,101.058,101.475,102.047,102.476,102.789,102.926,103.052,103.329,103.673,104.281,104.683,105.416,105.952,106.874,107.394,107.834,108.431,108.993,109.444,109.962,110.28,110.909,111.292,111.5,111.898,112.089,112.415,112.882,113.485,113.849,114.318,114.758,115.239,115.813,116.425,116.809,117.19,117.65,118.105,118.638,119.023
서울 관악구,95.149,95.259,95.272,95.449,95.469,95.432,95.522,95.775,96.255,96.548,96.786,96.86,97.066,97.341,97.509,97.579,97.806,98.076,98.273,98.462,98.724,98.95,99.347,99.791,100,100.263,100.43,100.536,100.674,101.06,101.505,101.97,102.573,102.914,103.209,103.735,104.111,104.418,104.671,105.106,105.421,106.094,106.513,106.752,107.332,107.864,108.26,108.928,109.373,109.779,110.278,110.558,111.013,111.323,111.794,112.273,112.741,113.192,113.841,114.343,114.801,115.345,115.755,116.154,116.482,116.884,117.213,117.567,117.92,118.338
서울 서초구,94.572,94.746,94.912,95.118,95.464,95.655,95.98,96.158,96.305,96.541,96.683,96.901,97.083,97.338,97.593,97.747,97.896,98.276,98.574,98.804,98.991,99.248,99.504,99.782,100,100.147,100.315,100.334,100.762,101.121,101.651,102.158,102.526,102.955,103.267,103.552,104.115,104.516,104.877,105.417,105.86,106.095,106.493,106.944,107.782,108.331,109.084,109.856,110.529,111.059,111.429,111.645,111.947,112.324,112.674,113.221,113.948,114.589,115.142,115.694,115.983,116.568,117.169,117.689,118.118,118.508,118.888,119.281,119.74,120.286
서울 강남구,94.039,94.397,94.503,94.796,94.944,95.226,95.481,95.819,95.888,96.053,96.332,96.613,96.819,97.533,97.742,97.832,98.063,98.331,98.594,98.877,99.176,99.363,99.514,99.732,100,100.307,100.536,100.861,101.166,101.559,102.281,102.674,103.198,103.613,103.978,104.24,104.626,105.079,105.443,106.005,106.451,106.646,106.868,107.17,107.968,108.677,109.214,109.822,110.588,110.93,111.274,111.448,111.767,112.203,112.749,113.287,113.89,114.699,115.338,115.932,116.479,117.074,117.583,118.054,118.451,118.727,119.123,119.657,120.235,120.777
서울 송파구,94.308,94.452,94.624,94.822,95.036,95.291,95.583,95.794,96.078,96.346,96.578,96.792,97.052,97.374,97.51,97.728,97.92,98.166,98.484,98.751,99.011,99.351,99.562,99.828,100,100.342,100.555,100.842,101.069,101.329,101.897,102.429,102.933,103.414,103.716,104.105,104.609,104.946,105.337,105.711,106.143,106.486,106.708,107.114,107.744,108.545,109.29,110.03,110.801,111.204,111.612,111.768,112.006,112.229,112.936,113.494,114.043,114.712,115.239,115.845,116.438,116.941,117.755,118.456,118.864,119.177,119.641,120.138,120.64,121.165
서울 강동구,95.083,95.123,95.276,95.446,95.565,95.818,96.056,96.366,96.6,96.789,96.982,97.225,97.347,97.535,97.741,97.955,98.139,98.323,98.507,98.828,99.143,99.3,99.61,99.856,100,100.197,100.383,100.627,100.781,101.077,101.573,102.014,102.369,102.708,103.119,103.308,103.586,103.838,104.154,104.489,104.868,105.103,105.453,105.716,106.294,106.612,107.077,107.568,108.14,108.542,108.992,109.231,109.581,109.995,110.394,110.958,111.597,112.285,112.871,113.573,114.326,115.121,115.711,116.344,116.646,117.016,117.395,117.705,118.283,118.744
부산 중구,93.605,93.781,93.952,94.136,94.352,94.659,94.833,95.02,95.355,95.711,95.951,96.146,96.347,96.508,96.688,96.968,97.266,97.658,97.859,98.262,98.493,98.652,99.17,99.462,100,100.242,100.584,100.892,101.207,101.588,101.972,102.447,102.738,103.24,103.58,104.109,104.412,104.929,105.295,105.822,106.211,106.49,107.044,107.628,108.118,108.379,108.74,109.023,109.673,109.978,110.387,110.771,111.129,111.395,111.802,112.202,112.641,112.823,113.055,113.372,113.626,114.005,114.274,114.515,114.684,114.781,114.934,115.117,115.281,115.39
부산 서구,94.226,94.378,94.488,94.736,94.915,95.092,95.354,95.591,95.913,95.991,96.191,96.418,96.758,97.118,97.349,97.584,97.983,98.163,98.322,98.602,98.829,99.105,99.524,99.686,100,100.255,100.514,100.838,101.363,101.773,102.276,102.938,103.674,104.205,104.847,105.395,105.883,106.223,106.496,106.825,107.444,108.085,108.6,109.14,109.682,110.081,110.657,111.207,111.634,112.042,112.292,112.827,113.337,113.796,114.289,114.908,115.229,115.631,115.863,115.978,116.271,116.385,116.563,116.992,117.284,117.387,117.471,117.756,118.033,118.314
부산 동구,94.357,94.761,95.093,95.227,95.339,95.531,95.769,95.948,96.082,96.246,96.553,96.823,97.133,97.335,97.557,97.722,98.032,98.313,98.559,98.746,98.938,99.089,99.372,99.632,100,100.232,100.624,101.101,101.485,102.184,102.753,103.112,103.743,104.284,104.757,105.219,106.031,106.682,107.173,107.722,108.282,108.856,109.52,110.072,110.703,111.314,111.709,112.301,112.759,113.328,113.817,114.104,114.534,114.99,115.223,115.427,115.72,116.091,116.369,116.688,116.875,117.148,117.437,117.9,118.097,118.416,118.556,118.889,119.432,119.855
부산 부산진구,93.438,93.485,93.666,93.765,94.07,94.215,94.497,94.951,95.255,95.555,95.673,95.893,96.212,96.448,96.558,96.819,97.169,97.426,97.885,98.268,98.568,98.847,99.218,99.755,100,100.192,100.394,100.714,101.094,101.604,102.359,103.149,103.875,104.553,105.228,105.737,106.029,106.414,106.843,107.18,107.776,108.093,108.649,109.365,109.836,110.137,110.75,111.279,111.687,112.252,112.63,112.982,113.178,113.368,113.671,113.831,113.893,114.171,114.451,114.905,115.504,116.548,117.229,117.776,118.337,118.544,118.844,119.135,119.739,120.343
부산 동래구,92.203,92.387,92.65,92.932,93.112,93.49,93.818,94.147,94.492,94.764,95.077,95.446,95.685,96.027,96.32,96.57,96.826,97.093,97.464,97.75,97.981,98.352,98.75,99.394,100,100.426,100.642,100.933,101.515,102.03,102.565,103.271,104.026,104.712,105.294,105.731,106.375,106.941,107.592,108.229,108.645,109.061,109.502,110.013,110.588,111.045,111.614,112.211,112.681,113.197,113.795,114.291,114.719,115.235,115.719,116.18,116.623,117.023,117.388,117.82,118.188,118.712,119.249,119.67,120.129,120.607,121.08,121.633,122.058,122.468
부산 남구,92.409,92.75,92.841,93.012,93.402,93.723,93.761,94.117,94.342,94.609,94.685,94.927,95.11,95.242,95.519,95.806,96.205,96.621,97.182,97.695,98.175,98.635,99.402,99.705,100,100.256,100.653,101.463,101.644,102.068,102.719,103.184,103.814,104.779,105.679,106.38,106.956,107.563,108.172,108.962,109.942,110.522,111.508,112.244,112.99,113.71,113.944,114.129,114.981,115.362,115.896,116.833,117.18,117.676,118.035,118.402,119.213,118.94,119.288,119.749,120.982,121.673,122.317,122.326,122.138,121.789,121.883,122.33,122.557,123.162
부산 북구,95.215,95.389,95.471,95.55,95.653,95.772,95.934,96.077,96.271,96.471,96.637,96.795,97.016,97.242,97.45,97.648,97.98,98.135,98.428,98.66,98.807,99.134,99.383,99.683,100,100.321,100.651,101.012,101.318,101.745,102.291,102.766,103.168,103.471,103.971,104.314,104.787,105.246,105.582,105.883,106.295,106.728,107.12,107.476,107.88,108.311,108.642,109.004,109.227,109.673,109.979,110.262,110.711,111.191,111.549,111.807,112.057,112.317,112.517,112.746,112.92,113.186,113.453,113.716,113.83,113.932,114.002,114.109,114.385,114.595
부산 해운대구,90.677,90.835,91.157,91.356,91.681,92,92.292,92.669,92.756,93.001,93.169,93.269,93.481,94.152,94.46,95.091,95.677,96.28,96.842,97.331,97.8,98.057,98.814,99.407,100,100.455,101.065,101.621,102.301,102.794,103.61,104.361,105.31,105.953,106.617,107.279,107.896,108.462,108.849,109.383,110.246,110.801,111.363,112.011,112.926,113.621,114.264,114.945,115.522,116.087,116.751,117.378,117.678,118.203,118.628,119.053,119.624,120.167,120.559,121.057,121.813,122.373,122.99,123.346,123.702,123.974,124.498,125.022,125.933,126.424
부산 사하구,94.97,95.01,95.233,95.379,95.529,95.709,95.842,96.122,96.243,96.477,96.692,96.875,97.129,97.411,97.566,97.801,97.932,98.102,98.325,98.493,98.746,98.893,99.198,99.589,100,100.332,100.606,100.833,101.159,101.467,102.019,102.457,103.001,103.611,104.106,104.593,105.1,105.652,106.043,106.407,106.892,107.258,107.846,108.207,108.574,109.083,109.616,110.409,111.109,111.869,112.867,113.204,113.935,114.536,115.165,115.613,115.832,116.371,116.859,117.326,117.719,118.285,118.758,119.026,119.559,119.779,120.359,120.697,121.097,121.497
부산 금정구,93.71,94.054,94.187,94.267,94.516,94.676,94.849,95.157,95.459,95.683,95.746,96.106,96.279,96.535,96.72,96.87,97.213,97.609,97.861,98.216,98.563,98.959,99.263,99.59,100,100.369,100.682,101.138,101.501,101.808,102.33,103.136,103.955,104.459,105.168,105.764,106.655,107.299,107.914,108.356,108.688,109.139,109.563,110.21,110.699,111.285,111.823,112.244,112.872,113.422,113.771,114.164,114.553,115.055,115.51,115.902,116.283,116.637,117.022,117.448,117.878,118.173,118.574,118.97,119.319,119.727,120.187,120.558,120.943,121.24
부산 강서구,89.536,89.931,90.412,89.876,90.064,89.77,90.329,91.037,91.837,92.667,92.819,93.497,93.645,94.027,94.598,95.033,95.712,96.057,96.222,97.139,97.72,98.167,98.646,99.82,100,100.481,100.936,101.476,102.05,102.358,103.278,104.709,105.323,106.743,107.8,109.179,110.313,110.82,111.513,112.299,112.542,113.648,114.508,115.484,116.06,116.694,116.935,117.963,118.922,119.442,120.591,121.36,121.91,122.061,123.274,124.03,124.34,125.091,125.641,126.239,126.343,126.67,127.131,127.265,127.397,127.679,128.084,128.089,128.535,128.712
부산 연제구,94.092,94.22,94.273,94.277,94.572,94.787,94.942,95.23,95.6,95.899,96.062,96.275,96.357,96.529,96.571,96.765,97.025,97.477,97.727,98.202,98.534,98.83,99.23,99.738,100,100.619,100.819,101.265,101.557,102.047,102.617,103.431,104.13,104.707,105.264,105.827,106.498,107.203,107.733,108.341,108.785,109.315,110.247,110.581,111.216,111.781,112.202,112.391,112.957,113.331,113.784,114.041,114.404,114.796,115.15,115.344,115.833,116.106,116.601,116.954,117.511,118.172,118.644,118.98,119.276,119.546,119.818,120.242,120.82,121.199
부산 수영구,92.938,93.205,93.346,93.533,93.786,94.118,94.382,94.742,95.128,95.369,95.565,95.714,95.952,96.31,96.511,96.781,96.988,97.297,97.637,98.003,98.318,98.703,99.037,99.524,100,100.521,100.807,101.187,101.741,102.626,103.438,104.308,105.124,105.754,106.701,107.367,108.072,108.747,109.228,110.099,110.513,111.13,111.526,112.222,112.839,113.405,114.179,114.574,115.073,115.309,115.662,116.012,116.368,116.802,117.125,117.616,118.021,118.121,118.292,118.724,119.53,119.982,120.355,120.814,120.993,121.304,121.845,122.302,122.893,123.326
부산 사상구,95.02,95.181,95.341,95.438,95.531,95.657,95.831,95.934,96.051,96.258,96.464,96.649,96.856,97.197,97.465,97.638,97.926,98.116,98.307,98.86,99.032,99.288,99.464,99.641,100,100.377,100.605,101.001,101.33,101.61,102.139,102.696,103.238,103.86,104.549,105.03,105.611,106.16,106.737,107.165,107.708,108.261,108.856,109.217,109.711,110.021,110.371,110.959,111.437,111.707,112.082,112.454,112.817,113.057,113.51,113.916,114.279,114.617,114.989,115.378,115.829,116.195,116.563,116.924,117.226,117.47,117.744,118.171,118.468,118.63
대구 중구,93.896,94.068,94.266,94.444,94.642,94.787,95.004,95.144,95.485,95.779,96.048,96.113,96.433,96.688,96.961,97.288,97.593,97.938,98.284,98.526,98.892,99.142,99.446,99.736,100,100.238,100.497,100.843,101.169,101.434,101.659,101.925,102.286,102.713,103.098,103.424,103.797,104.12,104.484,104.783,105.008,105.258,105.526,105.873,106.182,106.59,107.038,107.537,108.163,108.719,109.174,109.411,110.036,110.541,111.17,111.963,112.531,112.848,113.262,113.591,114.018,114.456,114.85,115.08,115.306,115.517,115.761,116.025,116.335,116.606
대구 동구,93.125,93.339,93.634,93.966,94.308,94.602,94.779,95.11,95.464,95.709,95.993,96.281,96.493,96.801,96.909,97.172,97.449,97.772,98.026,98.425,98.679,98.922,99.33,99.587,100,100.303,100.667,101.006,101.346,101.758,102.141,102.538,102.853,103.083,103.441,103.854,104.22,104.548,104.965,105.279,105.725,106.081,106.504,106.769,107.188,107.559,107.973,108.399,108.925,109.39,109.712,110.038,110.429,111.002,111.457,111.814,112.283,112.673,112.983,113.383,113.804,114.119,114.456,114.833,115.017,115.221,115.444,115.671,115.914,116.343
대구 서구,93.318,93.538,93.386,93.697,93.87,93.87,94.026,93.882,94.225,94.653,94.634,95.842,96.328,96.562,96.974,97.209,97.57,98.018,98.316,98.558,98.897,99.228,99.647,100.043,100,100.229,100.484,100.837,101.144,101.38,101.696,101.923,102.374,102.715,103.042,103.589,104.248,104.693,105.021,105.311,105.752,106.233,106.763,107.037,107.413,107.733,108.256,108.6,109.384,109.845,110.178,110.423,110.776,111.178,111.674,112.472,112.938,113.607,114.104,114.667,115.033,115.444,116.054,116.426,116.693,116.844,117.053,117.261,117.613,118.003
대구 남구,92.13,92.501,92.593,92.929,93.245,93.687,93.925,94.126,94.913,95.294,95.61,95.944,96.412,96.79,97.065,97.302,97.641,97.796,98.055,98.251,98.678,99.162,99.479,99.514,100,100.492,100.973,101.134,101.34,101.472,101.68,101.952,102.274,102.567,102.864,103.179,103.458,103.708,103.804,104.058,104.462,104.612,104.935,105.307,105.518,105.848,106.187,106.754,107.113,107.499,107.929,108.184,108.538,108.873,109.242,109.532,109.846,110.44,111.009,111.498,112.156,112.807,113.265,113.641,113.812,113.754,113.694,113.979,114.371,114.608
대구 북구,93.736,93.743,94.176,94.387,94.73,94.941,95.204,95.621,95.97,95.97,96.205,96.714,96.908,97.155,97.271,97.425,97.541,97.853,98.327,98.628,98.887,98.997,99.199,99.42,100,100.07,100.248,100.663,101.13,101.56,101.799,102.173,102.498,103.062,103.407,103.727,103.912,104.332,104.683,104.815,105.385,105.758,106.179,106.526,106.812,107.121,107.408,107.672,108.332,108.696,108.897,109.066,109.495,109.979,110.432,110.927,111.295,111.786,112.244,112.727,113.025,113.328,113.687,113.969,114.117,114.217,114.458,114.706,115.144,115.599
대구 수성구,92.545,93,93.378,93.481,93.891,94.121,94.385,94.563,95.054,95.34,95.595,95.904,96.224,96.539,96.891,97.149,97.523,97.85,98.184,98.622,98.839,99.063,99.479,99.746,100,100.331,100.575,100.827,101.145,101.458,101.745,102.139,102.633,103.098,103.602,104.087,104.638,105.036,105.596,105.998,106.47,107.417,108.056,108.574,109.022,109.472,110.054,110.625,111.213,111.933,112.494,112.827,113.377,113.862,114.551,115.085,115.734,116.22,116.639,117.358,118.05,119.019,119.706,119.972,120.214,120.52,120.919,121.394,121.874,122.424
대구 달서구,92.298,92.487,92.68,92.881,93.14,93.336,93.63,93.953,94.314,94.608,94.964,95.249,95.562,96.084,96.622,96.938,97.381,97.711,98.061,98.424,98.844,99.134,99.398,99.633,100,100.359,100.612,100.965,101.352,101.718,102.172,102.581,103.111,103.752,104.263,104.715,105.249,105.606,105.947,106.392,107.086,107.571,108.202,108.926,109.55,110.087,110.535,111.145,111.9,112.441,112.938,113.392,113.705,114.046,114.474,114.812,115.213,115.475,115.747,116.106,116.532,117.033,117.503,117.808,118.201,118.635,118.923,119.272,119.722,120.169
대구 달성군,96.382,96.382,96.382,96.498,96.875,97.127,97.317,97.625,97.793,98.448,98.448,98.448,98.646,98.35,98.628,98.799,99.048,99.048,99.048,99.048,99.365,100,100,100,100,100.032,100.575,100.828,100.828,100.828,101.416,102.587,102.587,103.094,103.341,103.61,103.61,104.313,104.329,104.725,104.725,105.14,105.673,106.187,107.348,107.348,108.129,108.129,108.383,109.824,110.93,111.588,113.636,114.433,114.75,114.87,115.016,115.016,115.393,115.869,116.789,117.402,118.754,119.91,119.862,120.235,120.59,120.59,121.014,121.501
인천 중구,98.908,98.942,98.868,98.944,98.967,98.83,98.868,98.995,99.151,99.15,99.171,99.181,99.159,99.202,99.225,99.429,99.519,99.513,99.587,99.622,99.583,99.648,99.702,99.86,100,100.125,100.225,100.366,100.488,100.622,100.747,100.821,101.011,101.135,101.374,101.551,101.764,102.05,102.209,102.391,102.628,102.872,103.081,103.348,103.6,103.901,104.129,104.476,104.761,105.071,105.518,105.869,105.948,106.274,106.591,106.892,107.168,107.451,107.608,107.719,107.823,107.962,108.149,108.334,108.576,108.724,108.91,109.222,109.414,109.557
인천 동구,97.713,97.152,97.243,97.116,96.895,96.855,96.67,96.789,96.887,97.19,97.766,97.796,97.943,97.971,98.133,98.155,98.113,98.289,98.477,98.725,98.612,99.278,99.664,99.971,100,99.702,99.703,100.17,100.519,100.757,101.114,101.253,101.14,101.178,101.34,101.931,102.385,102.655,102.766,103.005,103.265,103.519,103.635,103.883,104.137,104.373,104.508,104.7,104.882,105.178,105.274,105.403,105.549,105.785,105.907,106.039,106.419,106.661,106.762,106.778,106.932,107.154,107.646,107.976,108.045,108.181,108.333,108.56,108.627,108.731
인천 남구,95.743,96.868,97.356,97.743,97.685,97.58,97.576,97.908,97.959,98.148,98.305,98.476,98.65,99.022,99.121,99.19,99.457,99.594,99.732,99.638,98.943,99.249,99.511,99.706,100,100.112,100.207,100.357,100.513,100.65,100.885,101.215,101.33,101.596,101.899,102.109,102.338,102.443,102.539,102.761,102.956,103.057,103.37,103.686,,,,,,,,,,,,,,,,,,,,,,,,,,
인천 미추홀구,,,,,,,,,,,,,,,,,,,,,,,,,,,,,,,,,,,,,,,,,,,,,103.842,104.219,104.702,105.146,105.925,106.392,106.715,107.121,107.466,107.797,108.195,108.418,108.788,108.931,109.353,109.775,110.217,110.617,111.042,111.508,111.823,112.143,112.387,112.695,113.055,113.378
인천 연수구,98.229,98.157,98.356,98.312,98.091,98.471,98.683,98.829,98.93,98.995,99.075,99.011,99.078,99.227,99.278,99.318,99.347,99.354,99.336,99.443,99.46,99.525,99.604,99.711,100,100.223,99.928,99.991,100.707,100.835,100.958,101.062,101.482,101.878,101.978,102.174,102.514,102.632,102.947,103.112,103.51,103.566,103.812,103.987,104.199,104.496,104.784,105.007,105.319,105.682,105.914,106.277,106.549,106.819,107.146,107.408,107.757,108.136,108.381,108.513,108.934,109.08,109.901,110.105,110.351,110.591,110.867,111.218,111.556,111.692
인천 남동구,97.468,97.69,97.684,97.499,97.426,97.336,97.127,97.182,97.606,97.85,97.794,97.74,97.941,98.001,97.939,97.735,97.41,97.719,97.825,98.002,99.085,99.284,99.46,99.908,100,100.249,100.445,100.826,101.253,101.751,102.037,102.329,102.681,103.191,103.505,103.795,103.984,104.203,104.294,104.371,104.709,105.226,105.475,105.801,106.05,106.654,107.147,107.673,108.158,108.62,108.968,109.424,109.896,110.353,110.739,111.034,111.516,111.979,112.609,113.159,113.515,113.999,114.566,115.113,115.513,115.902,116.286,116.679,117.141,117.631
인천 부평구,97.611,97.779,97.703,97.715,97.98,98.116,98.215,98.509,98.429,98.513,98.738,98.818,98.882,98.927,99.166,99.256,99.475,99.432,99.45,99.692,99.735,99.759,99.879,99.895,100,100.05,100.175,100.656,100.87,101.267,101.507,101.931,102.316,102.803,103.003,103.151,103.476,103.764,104.024,104.043,104.284,104.542,104.781,104.99,105.246,105.725,106.206,106.638,106.897,107.221,107.562,107.903,108.256,108.54,109.033,109.35,109.693,109.959,110.334,110.736,111.319,111.785,112.318,112.618,112.869,113.252,113.58,114.115,114.397,114.737
인천 계양구,94.568,94.878,95.099,95.646,95.851,95.933,96.159,96.22,96.715,97.213,97.434,97.811,97.924,97.933,98.122,98.433,98.338,98.634,98.593,98.577,98.96,99.306,99.785,99.911,100,100.045,100.135,100.202,100.449,100.569,101.128,101.42,101.767,102.061,102.272,102.555,102.875,103.028,103.114,103.357,103.536,103.767,104.033,104.353,104.487,104.836,105.228,105.65,106.04,106.423,106.879,107.365,107.814,108.273,108.618,109.18,109.623,110.028,110.452,110.954,111.334,111.798,112.412,112.977,113.386,113.87,114.329,114.754,115.32,115.867
인천 서구,,,,,,,,,,,,,,,,,,,,,,,,,100,100.087,100.217,100.549,100.798,100.958,101.408,101.555,102.086,102.54,102.845,103.126,103.377,103.602,103.822,104.104,104.373,104.683,104.956,105.403,105.885,105.991,106.452,107.553,107.928,108.273,108.489,108.979,109.397,109.925,110.265,110.495,110.875,111.189,111.627,112.029,112.432,112.894,113.361,113.747,114.15,114.532,114.806,115.155,115.518,115.83
광주 동구,96.166,96.287,96.449,96.601,96.754,96.938,97.151,97.309,97.422,97.525,97.633,97.725,97.85,98.064,98.22,98.331,98.557,98.657,98.726,98.867,99.182,99.365,99.582,99.778,100,100.271,100.407,100.663,100.89,101.162,101.368,101.691,101.936,102.382,102.649,102.709,102.835,103.02,103.266,103.534,103.771,104.107,104.448,104.787,105.179,105.434,105.74,106.339,106.798,107.341,107.778,108.137,108.607,109.041,109.427,109.821,110.263,110.594,110.878,111.229,111.561,111.929,112.239,112.582,112.861,113.124,113.426,113.651,113.91,114.138
광주 서구,94.003,94.005,94.34,94.143,94.865,95.036,95.132,95.449,95.758,95.946,96.182,96.457,96.656,96.508,96.777,96.822,96.989,97.254,97.423,97.925,98.191,98.745,99.158,99.647,100,100.033,100.246,100.508,100.888,101.068,101.378,101.786,102.247,102.726,103.104,103.549,103.723,104.069,104.405,104.626,105.043,105.681,106.117,106.448,106.92,107.3,107.642,108.235,109.02,109.298,109.706,110.311,110.75,111.054,111.475,111.96,112.259,112.707,113.043,113.868,114.502,114.823,115.38,115.649,116.023,116.281,116.487,117.032,117.42,117.762
광주 남구,96.097,96.286,96.641,96.988,97.533,97.533,98.027,98.052,98.345,98.345,98.348,98.348,98.907,99.278,99.305,99.305,99.471,99.286,99.286,99.307,99.307,99.307,99.389,99.389,100,101.134,101.134,100.667,100.458,101.382,102.608,103.924,104.122,104.789,104.942,105.597,106.957,107.025,107.829,109.881,110.276,111.817,113.434,114.029,114.737,114.737,115.668,118.893,120.633,121.382,122.78,122.78,123.439,123.498,123.655,124.355,125.044,125.439,126.082,126.779,126.988,127.4,128.607,128.943,129.277,129.61,129.827,130.799,132.033,132.404
광주 북구,98.985,99.01,99.079,99.079,99.079,99.079,98.729,98.729,98.596,98.748,98.903,98.988,99.402,99.498,99.419,99.373,99.433,99.614,99.527,99.676,99.55,99.684,99.694,99.725,100,100.29,100.415,100.495,100.972,101.161,101.78,102.036,102.775,103.569,104.088,104.226,104.394,104.524,104.72,105.345,105.696,106.228,107.116,107.773,107.773,108.399,108.802,108.941,109.293,109.482,109.777,110.175,110.493,111.102,111.688,111.85,112.252,112.473,112.621,112.748,113.065,113.358,113.743,113.916,114.263,114.587,114.813,115.157,117.032,118.602
광주 광산구,89.235,89.606,89.738,89.861,90.281,90.534,90.861,90.767,91.835,92.232,92.458,92.625,93.009,93.447,94.028,94.379,94.815,95.216,95.376,96.577,97.257,97.923,98.503,98.712,100,101.19,102.36,103.113,103.937,104.255,105.221,106.908,108.077,109.346,110.105,110.435,111.262,111.973,112.541,112.464,113.225,113.688,113.967,114.13,114.462,114.641,116.073,116.879,117.794,118.72,119.14,119.713,120.417,121.193,121.613,122.22,122.937,123.225,123.629,123.742,124.84,125.639,126.676,127.514,126.997,127.524,127.106,127.405,127.699,128.251
대전 동구,97.781,97.858,97.952,98.018,98.064,98.072,98.198,98.282,98.356,98.348,98.378,98.509,98.523,98.92,98.995,99.107,99.226,99.322,99.436,99.61,99.734,99.856,99.805,99.912,100,100.059,100.291,100.341,100.434,100.552,100.746,100.864,101.431,101.568,102.06,102.395,102.219,103.29,103.833,104.089,104.231,104.419,104.658,104.822,104.999,105.301,105.629,105.767,105.973,106.273,106.321,106.543,106.803,106.994,107.238,107.539,107.81,108.067,108.126,108.34,108.515,108.871,109.141,109.646,110.064,110.481,110.879,111.218,111.575,111.921
대전 중구,93.551,93.961,94.198,94.264,94.584,95.094,95.216,95.584,96.38,96.392,96.527,96.604,96.85,97.197,97.429,97.554,97.736,98.056,98.368,98.638,98.905,99.109,99.545,99.754,100,100.319,100.307,100.808,101.024,100.992,101.795,102.124,102.292,102.509,102.722,103.126,103.435,103.637,103.805,104.064,104.214,104.369,104.525,104.897,105.077,105.338,105.596,105.762,105.952,106.163,106.316,106.36,106.629,107.074,107.392,107.686,107.975,108.579,109.502,110.523,111.079,111.798,112.332,113.405,113.914,114.118,114.617,115.303,115.704,116.173
대전 서구,97.005,96.896,96.972,96.937,96.944,96.857,97.084,97.511,97.528,97.621,97.572,97.744,97.967,98.133,98.267,98.204,98.612,98.967,99.108,99.239,99.313,99.418,99.712,99.717,100,100.146,100.362,100.594,100.967,101.205,101.312,101.399,101.743,101.943,102.282,102.593,102.982,103.522,103.946,104.251,104.544,104.768,105.014,105.241,105.576,105.95,106.78,107.259,107.49,107.708,108.14,108.221,108.475,108.582,108.725,109.031,109.396,110.05,110.445,111.016,111.622,111.947,112.507,113.004,113.507,113.767,114.139,114.564,114.998,115.406
대전 유성구,89.953,89.931,90.28,90.479,90.506,90.917,91.281,92.063,92.841,93.1,93.646,93.984,95.358,95.882,96.295,96.645,97.346,97.561,98.055,98.496,99.018,99.28,99.547,99.941,100,100.312,101.101,101.639,101.701,102.426,102.398,102.736,103.12,103.481,104.114,104.604,105.205,105.719,106.026,106.216,106.73,106.935,107.261,107.643,108.169,108.555,109.026,109.262,109.704,110.03,110.397,110.794,111.119,111.52,112.074,112.784,113.388,113.842,114.274,114.889,115.798,116.476,117.474,118.535,119.075,119.5,120.107,120.557,121.298,121.994
경기 수원시 권선구,99.763,99.78,99.872,99.916,100.442,99.437,99.542,99.68,99.836,99.58,99.272,99.604,99.714,99.424,99.467,99.386,99.27,99.206,99.217,99.468,99.487,99.76,99.76,99.948,100,100.101,100.202,100.327,100.448,100.448,101.454,101.507,101.65,101.741,101.749,101.745,101.99,101.99,101.973,102.451,102.841,102.901,104.152,105.129,105.287,106.203,106.415,106.558,106.859,107.199,107.998,108.148,108.435,108.674,108.986,109.178,109.471,109.963,109.963,110.357,110.894,111.231,111.625,111.866,112.419,112.802,112.952,113.17,113.547,113.981
경기 수원시 팔달구,97.982,98.165,98.168,98.307,98.45,98.55,98.635,98.74,98.832,98.917,99.081,99.102,99.114,99.143,99.125,99.107,99.199,99.356,99.395,99.423,99.562,99.723,99.756,99.937,100,100.046,100.114,100.247,100.406,100.671,101.168,101.277,101.787,102.363,102.561,102.763,102.857,103.126,103.465,103.84,104.419,104.564,104.822,105.334,105.948,106.273,106.45,107.027,107.203,107.647,107.825,108.605,108.676,109.09,109.57,110.225,110.724,111.496,112.092,113.027,113.627,113.755,114.097,114.777,115.152,115.272,115.91,116.303,116.871,117.532
경기 수원시 영통구,97.678,98.338,98.974,99.273,99.067,99.067,97.507,97.964,97.756,97.484,97.484,97.847,97.649,97.694,98.022,97.986,98.328,98.7,98.712,99.002,99.425,99.464,99.507,99.485,100,100.087,100.112,99.435,99.66,99.769,100.274,100.525,100.734,101.046,101.632,101.933,102.019,102.033,102.276,102.375,102.657,102.969,103.013,103.549,103.815,103.884,104.379,104.601,104.783,104.862,105.021,105.097,105.504,106.033,106.134,106.643,107.329,107.656,107.656,108.365,108.852,108.893,109.595,109.974,110.021,110.243,110.562,110.939,111.366,111.468
경기 성남시 수정구,97.231,97.315,97.477,97.589,97.631,97.775,97.921,98.098,98.182,98.237,98.281,98.423,98.507,98.555,98.624,98.681,98.803,98.909,98.962,99.048,99.142,99.274,99.511,99.752,100,100.106,100.227,100.417,100.62,101.023,101.264,101.516,101.815,102.123,102.478,102.834,103.066,103.458,103.791,104.209,104.587,105.038,105.446,105.847,106.324,106.739,107.199,107.696,108.184,108.655,109.148,109.403,109.737,110.085,110.434,110.913,111.434,111.793,112.234,113.012,114.427,115.543,116.517,117.796,118.779,119.769,120.361,120.932,123.049,123.827
경기 성남시 중원구,95.996,96.044,96.181,96.215,96.392,96.573,96.642,96.725,96.909,97.112,97.241,97.443,97.555,97.674,97.778,97.952,98.17,98.395,98.55,98.789,98.842,99.127,99.598,99.7,100,100.179,100.405,100.687,100.876,101.151,101.445,101.801,102.087,102.358,102.611,102.827,103.04,103.274,103.643,104.124,104.551,104.883,105.254,105.593,105.966,106.506,107.114,107.59,108.227,108.84,109.321,109.667,110.089,110.516,110.923,111.503,112.144,112.708,113.262,113.796,114.243,114.86,115.5,116.086,116.682,117.181,117.616,118.299,118.74,118.993
경기 성남시 분당구,98.05,98.112,98.179,98.229,98.227,98.261,98.404,98.51,98.549,98.553,98.513,98.604,98.69,98.822,98.887,99.008,99.045,99.212,99.318,99.397,99.674,99.958,99.991,100.108,100,100.067,100.114,100.141,100.332,100.363,100.481,100.798,100.925,100.999,101.17,101.204,101.764,102.081,102.309,102.371,102.552,102.803,102.911,103.645,103.842,105.14,105.711,106.173,106.889,107.327,107.604,107.798,107.986,108.065,108.401,108.775,109.286,109.508,109.85,110.222,110.698,111.022,111.355,111.798,112.105,112.393,112.708,112.941,113.161,113.451
경기 의정부시,96.978,97.118,97.128,97.16,97.358,97.424,97.503,97.604,97.737,97.835,97.913,98.014,98.088,98.194,98.257,98.305,98.406,98.574,98.748,99.006,99.211,99.459,99.705,99.845,100,100.085,100.161,100.245,100.526,100.811,100.985,101.215,101.433,101.65,101.794,101.958,102.112,102.319,102.493,102.657,102.948,103.256,103.532,103.809,104.112,104.472,104.754,105.001,105.376,105.677,105.9,106.21,106.584,106.827,107.137,107.478,107.691,107.916,108.189,108.434,108.712,109.019,109.401,109.731,110.088,110.488,110.916,111.225,111.535,111.899
경기 안양시 만안구,98.404,98.85,99.444,99.216,98.808,98.233,98.23,98.314,98.172,98.479,99.061,99.456,100.478,100.412,99.759,99.815,99.69,100.031,100.266,100.261,100.049,100.177,100.177,100.047,100,100.405,100.713,100.801,101.19,101.685,101.786,101.982,102.35,102.777,103.053,103.347,103.866,104.397,105.089,105.231,105.272,105.404,105.86,106.135,106.477,106.57,107.135,107.436,107.933,108.325,108.759,109.101,109.539,110.236,110.776,111.248,111.636,112.479,112.775,113.293,113.56,113.97,114.187,114.776,114.841,115.154,115.603,116.064,116.777,116.866
경기 안양시 동안구,96.645,96.604,96.775,97.169,97.497,97.458,97.805,98.141,98.237,98.276,98.608,98.921,98.935,98.781,98.841,99.347,99.63,99.694,99.837,99.019,99.051,99.162,99.483,100,100,100.174,100.196,100.435,100.638,100.906,100.906,101.168,101.335,101.506,101.69,101.845,102.084,102.478,102.761,102.845,102.845,103.09,103.323,103.449,103.943,104.424,104.713,105.379,106.704,107.012,107.236,107.236,107.445,107.648,107.972,108.562,109.087,109.75,110.237,111.087,111.426,111.794,112.146,112.891,113.303,113.631,114.047,114.222,114.557,114.908
경기 부천시,,,,,,,,,,,,,,,,,,,,,99.883,99.953,99.82,99.865,100,100.081,100.159,100.284,100.546,100.921,101.26,101.599,101.863,102.173,102.413,102.906,103.197,103.513,103.71,103.93,104.123,104.315,104.638,104.883,105.226,105.536,105.715,106.096,106.357,106.7,106.971,107.359,107.669,108.072,108.467,108.844,109.14,109.463,109.866,110.379,110.817,111.127,111.604,112.064,112.441,112.794,113.097,113.408,113.844,114.297
경기 부천시 원미구,100,99.751,99.922,100.089,100.59,100.788,101.211,101.208,100.93,100.972,101.157,101.332,101.486,101.685,101.769,101.912,102.047,102.017,102.086,102.135,,,,,,,,,,,,,,,,,,,,,,,,,,,,,,,,,,,,,,,,,,,,,,,,,,
경기 부천시 소사구,100,99.935,100.136,100.185,100.315,100.475,100.672,100.728,100.872,100.618,100.692,100.657,100.612,100.656,100.656,100.636,100.751,100.746,100.786,100.836,,,,,,,,,,,,,,,,,,,,,,,,,,,,,,,,,,,,,,,,,,,,,,,,,,
경기 광명시,94.332,94.395,94.503,94.687,94.845,95.073,95.121,95.216,95.748,96.117,96.624,96.894,97.063,97.342,97.342,97.453,97.662,97.662,98.185,98.465,98.465,98.975,99.317,99.684,100,100.09,100.303,100.434,100.579,101.296,101.316,101.864,101.949,102.378,102.744,103.136,103.565,103.789,104.352,104.911,105.071,105.289,105.062,105.481,106.151,106.674,107.294,107.89,108.559,109.084,109.442,109.442,109.527,109.969,110.748,111.682,112.162,112.955,113.468,113.659,114.745,116.112,116.597,117.266,118.279,119.065,119.527,120.151,121.082,121.81
경기 평택시,95.577,95.621,95.836,95.884,95.839,95.806,96.085,96.327,96.578,96.731,96.998,97.29,97.38,97.484,97.509,97.621,98.091,98.176,98.311,98.672,98.974,99.17,99.368,99.651,100,100.196,100.422,100.421,100.679,101.909,102.333,103.1,104.312,105.286,106.334,106.806,107.611,108.082,108.558,109.292,110.337,110.964,111.721,112.183,112.721,113.331,113.759,113.978,114.11,114.377,114.668,115.103,115.17,115.94,116.153,116.53,117.106,117.511,117.998,118.226,118.377,118.513,118.874,118.96,119.444,119.602,119.831,120.04,120.419,120.649
경기 동두천시,98.477,98.614,98.618,98.632,98.796,98.86,98.822,98.842,98.918,98.914,98.963,99.049,99.132,99.198,99.279,99.116,99.207,99.281,99.363,99.488,99.572,99.718,99.818,99.885,100,100.066,100.119,100.168,100.306,100.482,100.557,100.743,100.744,100.729,100.756,100.853,100.889,100.983,101.012,101.109,101.225,101.481,101.714,102.009,102.237,102.44,102.592,102.732,102.914,103.15,103.382,103.425,103.612,103.795,103.955,104.157,104.4,104.601,104.775,105.03,105.282,105.407,105.583,105.848,105.957,106.093,106.257,106.428,106.615,106.769
경기 안산시 상록구,97.337,97.221,97.253,97.253,97.318,97.34,97.435,97.61,97.702,97.702,97.702,97.774,97.722,97.811,97.777,97.803,98.397,98.461,98.867,98.91,99.039,99.167,99.167,99.359,100,100.251,100.48,100.847,101.04,101.303,101.54,101.81,102.111,102.184,102.506,102.506,102.695,102.938,103.486,103.687,103.741,103.893,104.111,104.422,104.71,104.875,105.146,105.696,105.882,106.185,106.31,106.551,106.701,107.057,107.211,107.429,107.632,108.009,108.453,108.812,109.164,109.608,109.958,110.218,110.602,111.001,111.292,111.583,112.022,112.213
경기 안산시 단원구,94.422,94.709,94.709,94.989,95.077,95.453,95.453,95.748,96.154,96.154,96.154,96.858,97.306,97.306,97.306,97.306,97.787,98.287,98.8,98.8,98.913,99.09,99.629,99.817,100,100,100,100,101.352,101.481,101.697,101.9,101.991,102.246,103.07,103.154,103.303,103.728,103.728,103.581,103.62,103.62,103.684,103.92,104.341,104.529,104.529,104.716,104.94,105.18,105.41,105.41,105.46,105.862,106.111,106.426,106.486,107.089,107.476,107.989,108.805,109.332,109.332,109.955,110.742,111.312,111.503,111.806,112.373,112.633
경기 고양시 덕양구,97.131,97.133,97.131,97.301,97.67,97.651,97.7,97.838,97.884,98.027,98.13,98.234,98.407,98.454,98.579,98.633,98.695,98.863,99.024,99.151,99.252,99.485,99.587,99.699,100,100.033,100.121,100.214,100.616,101.425,102.141,102.197,102.914,103.302,103.375,103.498,104.148,104.449,104.835,105.048,106.284,106.783,107.736,108.297,108.864,109.595,109.918,111.11,111.625,112.317,112.726,113.088,113.555,114.259,114.552,115.101,115.818,116.369,116.586,117.109,117.285,117.934,118.598,118.978,119.51,119.791,120.043,120.493,121.444,121.752
경기 고양시 일산동구,97.181,96.788,96.899,96.624,96.418,96.991,96.563,96.667,96.88,97.72,97.423,96.79,97.305,98.077,98.089,98.16,97.772,98.107,97.937,98.443,98.608,98.751,99.615,99.834,100,100.093,100.282,100.289,100.725,101.212,101.682,101.915,102.35,102.471,102.606,102.606,102.801,103.04,103.198,103.45,103.726,104.033,104.684,105.107,105.398,105.724,106.049,106.412,106.809,106.98,107.193,107.539,107.686,107.782,107.972,108.207,108.258,108.522,108.696,108.866,109.265,109.576,109.913,110.19,110.266,110.478,110.672,110.885,110.917,110.917
경기 고양시 일산서구,98.126,97.984,97.984,98.471,98.345,98.411,98.326,98.326,98.601,98.953,99.151,99.192,99.259,99.259,99.53,99.774,99.927,100.172,100.172,100.439,100.393,100.008,99.781,99.781,100,100.053,100.56,100.658,100.788,101.22,101.456,101.921,102.614,102.713,103.252,103.63,103.735,103.822,104.25,104.365,104.954,105.201,105.564,106.052,106.42,106.744,106.99,107.556,108.001,108.298,108.585,108.862,109.104,109.251,109.634,109.831,110.284,110.533,110.632,110.948,111.239,111.394,111.572,111.687,111.743,111.827,111.827,111.999,112.108,112.14
경기 과천시,96.243,96.428,96.411,96.416,96.553,96.731,96.858,96.962,97.068,97.17,97.395,97.613,97.768,97.923,97.957,98.168,98.363,98.559,98.878,99.038,99.223,99.354,99.624,99.765,100,100.214,100.027,99.947,100.356,100.958,101.158,101.335,101.512,101.693,101.899,102.243,102.834,103.453,103.65,104.114,104.585,104.881,105.127,105.521,105.92,106.815,107.572,108.115,108.568,109.257,109.601,109.9,110.238,111.239,111.633,111.983,112.447,112.798,113.593,114.223,115.193,116.037,116.911,117.611,118.294,118.907,119.426,120.217,121.177,121.951
경기 구리시,95.429,95.429,95.44,95.633,95.731,96.376,97.085,97.185,97.185,97.361,97.82,97.943,98.052,98.142,98.337,98.367,98.601,98.76,98.787,99.236,99.4,99.4,99.802,99.802,100,100.338,100.596,100.787,100.96,101.224,101.55,102.283,102.348,102.853,103.093,103.603,104.006,103.698,103.78,104.026,104.532,105.524,106.016,106.411,107.899,108.701,109.31,110.24,111.474,111.862,112.086,112.278,112.476,113.203,113.203,113.536,113.935,114.621,115.407,115.936,116.658,116.901,118.431,118.8,119.218,119.586,119.917,120.435,120.594,121.044
경기 남양주시,95.523,95.561,95.616,95.829,95.864,96.128,96.271,96.407,96.592,96.741,97.171,97.344,97.586,98.037,98.312,98.371,98.605,98.689,98.795,98.957,99.027,99.408,99.609,99.655,100,100.102,100.113,100.18,100.346,100.688,100.906,101.267,101.78,101.994,102.096,102.391,102.726,103.26,103.505,103.77,104.024,104.26,104.554,104.803,105.201,105.522,105.819,106.008,106.315,106.634,107.011,107.329,107.908,108.425,108.848,109.081,109.593,109.927,110.395,110.775,111.025,111.443,111.831,112.084,112.47,112.713,113.022,113.846,114.205,114.636
경기 오산시,95.423,95.554,95.744,95.82,95.643,95.679,95.882,96.264,95.884,95.752,96.26,97.38,97.813,97.93,98.223,98.224,98.179,98.393,98.563,98.605,98.961,99.114,99.163,99.457,100,100.277,100.556,100.776,100.972,101.423,103.395,103.974,104.173,104.152,104.351,104.523,104.609,104.839,104.825,105.06,105.296,105.743,106.043,106.109,106.182,106.515,106.705,107.046,107.384,107.965,108.156,108.509,108.675,108.909,109.089,109.134,109.666,110.024,110.165,110.589,110.738,111.086,111.356,111.714,112.078,112.327,112.584,112.775,113.509,114.035
경기 군포시,96.656,96.788,96.784,96.962,96.777,96.987,97.269,97.488,97.779,97.906,97.837,97.829,97.982,97.996,97.984,98.207,98.453,98.765,98.988,99.243,99.367,99.424,99.669,99.844,100,100.212,100.428,100.605,100.921,101.34,101.659,101.952,102.158,102.414,102.875,103.182,103.508,103.803,104.007,104.195,104.605,104.917,105.147,105.455,105.849,106.086,106.389,106.672,106.928,107.198,107.429,107.683,107.918,108.26,108.615,108.958,109.177,109.549,109.884,110.18,110.487,110.775,111.11,111.358,111.645,112.105,112.392,112.728,113.117,113.455
경기 의왕시,95.726,95.891,96.052,96.052,95.557,97.396,97.396,97.577,97.08,98.69,97.423,97.574,97.574,97.574,97.574,97.76,97.809,97.809,96.677,98.592,98.592,99.848,99.944,99.944,100,100.064,100.208,100.208,100.497,102.912,103.173,103.642,103.931,104.495,105.105,105.116,105.528,105.528,105.838,106.335,106.079,106.495,106.939,107.243,107.371,107.799,108.04,108.456,108.895,109.077,109.575,110.168,110.324,110.459,110.605,110.933,110.933,111.543,111.721,112.02,112.528,113.127,113.127,113.127,113.338,113.967,114.016,114.016,114.684,115.099
경기 용인시 처인구,96.799,96.95,96.998,97.07,97.272,97.584,97.694,97.773,97.874,98.128,98.524,98.532,98.704,98.76,98.819,98.863,99.067,99.146,99.274,99.479,99.546,99.59,99.764,99.858,100,100.205,100.288,100.446,100.663,100.875,101.044,101.294,101.579,101.812,101.842,102.136,102.265,102.43,102.6,102.737,102.942,103.051,103.379,103.488,103.781,104.018,104.24,104.417,104.798,104.958,105.363,105.742,105.97,106.129,106.553,107.032,107.432,107.935,108.244,108.357,108.472,108.922,109.1,109.567,109.953,110.29,110.414,110.703,110.778,111.083
경기 용인시 기흥구,97.046,97.142,97.216,97.206,97.288,97.479,97.509,97.587,97.663,97.77,98.03,98.193,98.312,98.553,98.568,98.642,98.77,98.847,99.34,99.347,99.548,99.704,99.935,99.97,100,100.116,100.214,100.424,100.71,100.866,101.186,101.318,101.46,101.781,101.711,101.9,101.993,102.216,102.155,102.306,102.404,102.734,103.255,103.572,103.795,104.219,104.604,104.734,105.231,105.648,106.271,106.256,106.518,106.449,106.843,107.36,108.295,108.765,109.18,109.507,110.213,111.248,111.75,112.411,113.019,113.147,113.373,114.171,115.926,116.813
경기 파주시,97.011,97.224,97.172,97.161,97.483,97.381,97.671,97.824,97.829,97.97,98.338,98.714,98.789,98.83,99.177,99.137,99.531,99.594,99.538,100.101,100.268,99.695,99.732,99.728,100,100.02,100.227,100.228,100.4,100.629,101.039,101.039,101.355,101.446,101.56,101.802,101.842,101.88,101.729,101.914,102.185,103.215,104.741,105.65,107.692,107.917,108.381,109.026,109.271,109.671,110.149,110.586,110.896,111.061,111.355,111.638,111.783,111.817,112.117,112.248,112.759,112.89,113.404,113.735,113.584,113.649,113.788,114.104,114.46,114.773
경기 양주시,97.571,97.571,97.571,97.31,97.205,97.188,97.046,96.815,96.913,97.136,97.217,97.481,97.537,97.577,97.652,97.761,97.896,97.896,99.073,99.159,99.566,99.864,99.884,99.973,100,100.077,100.214,100.234,100.579,101.449,101.737,102.044,102.067,102.192,102.396,102.235,102.415,102.493,102.56,102.739,102.899,103.389,103.079,103.212,103.212,103.212,103.656,104.182,104.597,104.849,104.849,105.062,106.141,107.351,107.368,107.469,107.941,108.244,108.995,109.253,109.677,110.938,111.363,112.132,113.374,113.51,113.679,114.089,114.483,115.137
경기 양평군,98.162,98.065,98.089,98.097,98.199,98.225,98.178,98.299,98.275,98.356,98.356,98.546,98.603,98.7,98.897,99.027,99.027,99.298,99.431,99.589,99.629,99.701,99.715,99.868,100,100.149,100.265,100.45,100.579,100.933,101.37,101.805,102.455,102.851,103,103.26,103.407,103.591,103.854,104.106,104.458,104.799,104.936,105.323,105.628,106.04,106.265,106.642,107.018,107.439,107.831,108.173,108.658,108.938,109.253,109.511,109.887,110.203,110.533,110.806,111.142,111.311,111.591,112.069,112.453,112.965,113.232,113.55,113.933,114.274
